{"cameraMode":{"drawMode":0,"name":"Shaded","section":"Shading Mode"},"sceneLighting":true,"audioPlay":false,"sceneViewState":{"m_AlwaysRefresh":false,"showFog":true,"showSkybox":true,"showFlares":true,"showImageEffects":true,"showParticleSystems":true,"showVisualEffectGraphs":true,"m_FxEnabled":true},"in2DMode":false,"pivot":{"x":0.5735854506492615,"y":12.076441764831543,"z":7.623164176940918},"rotation":{"x":0.7013505101203919,"y":-0.0040551708079874519,"z":0.003990516997873783,"w":0.7127909064292908},"size":6.0669331550598148,"orthographic":false}